{
    "num_files": 3,
    "accuracy_mean": 0.5117921146953405,
    "precision_mean": 0.5039071001939586,
    "recall_mean": 0.7362962962962962,
    "rejection_real_rate_mean": 0.0,
    "rejection_fake_rate_mean": 0.0,
    "one_class_accuracy_real_mean": 0.2911111111111111,
    "one_class_accuracy_fake_mean": 0.7362962962962962,
    "TP_total": 107,
    "TN_total": 43,
    "FP_total": 105,
    "FN_total": 38,
    "F1_score": 0.5983291653614397,
    "F2_score": 0.6741189756118051
}