{
    "num_files": 3,
    "accuracy_mean": 0.5117921146953405,
    "precision_mean": 0.5039071001939586,
    "recall_mean": 0.7362962962962962,
    "false_negative_rate_mean": 0.2637037037037037,
    "false_positive_rate_mean": 0.708888888888889,
    "rejection_real_rate_mean": 0.0,
    "rejection_fake_rate_mean": 0.0,
    "F1_score": 0.5983291653614397,
    "F2_score": 0.6741189756118051
}