{
    "num_files": 3,
    "accuracy_mean": 0.485570638511815,
    "precision_mean": 0.5002607561929596,
    "recall_mean": 0.7239844670360837,
    "rejection_real_rate_mean": 0.1983024691358025,
    "rejection_fake_rate_mean": 0.17059178743961353,
    "one_class_accuracy_real_mean": 0.2335907335907336,
    "one_class_accuracy_fake_mean": 0.7239844670360837,
    "TP_total": 89,
    "TN_total": 27,
    "FP_total": 89,
    "FN_total": 34,
    "F1_score": 0.5916805066163903,
    "F2_score": 0.6645456202556304
}