{
    "num_files": 3,
    "accuracy_mean": 0.49333333333333335,
    "precision_mean": 0.4259259259259259,
    "recall_mean": 0.06,
    "rejection_real_rate_mean": 0.0,
    "rejection_fake_rate_mean": 0.0,
    "one_class_accuracy_real_mean": 0.9266666666666667,
    "one_class_accuracy_fake_mean": 0.06,
    "TP_total": 9,
    "TN_total": 139,
    "FP_total": 11,
    "FN_total": 141,
    "F1_score": 0.10518292682926828,
    "F2_score": 0.0724485510289794
}