{
    "num_files": 3,
    "accuracy_mean": 0.49666666666666665,
    "precision_mean": 0.4761904761904762,
    "recall_mean": 0.3666666666666667,
    "rejection_real_rate_mean": 0.0,
    "rejection_fake_rate_mean": 0.0,
    "one_class_accuracy_real_mean": 0.6266666666666666,
    "one_class_accuracy_fake_mean": 0.3666666666666667,
    "TP_total": 55,
    "TN_total": 94,
    "FP_total": 56,
    "FN_total": 95,
    "F1_score": 0.4143126177024482,
    "F2_score": 0.3843466107617052
}