{
    "num_files": 3,
    "accuracy_mean": 0.48,
    "precision_mean": 0.40060606060606063,
    "recall_mean": 0.16666666666666666,
    "rejection_real_rate_mean": 0.0,
    "rejection_fake_rate_mean": 0.0,
    "one_class_accuracy_real_mean": 0.7933333333333333,
    "one_class_accuracy_fake_mean": 0.16666666666666666,
    "TP_total": 25,
    "TN_total": 119,
    "FP_total": 31,
    "FN_total": 125,
    "F1_score": 0.2353988603988604,
    "F2_score": 0.18870617791481098
}