{
    "num_files": 3,
    "accuracy_mean": 0.4766666666666666,
    "precision_mean": 0.4342436974789916,
    "recall_mean": 0.2333333333333333,
    "rejection_real_rate_mean": 0.0,
    "rejection_fake_rate_mean": 0.0,
    "one_class_accuracy_real_mean": 0.7200000000000001,
    "one_class_accuracy_fake_mean": 0.2333333333333333,
    "TP_total": 35,
    "TN_total": 108,
    "FP_total": 42,
    "FN_total": 115,
    "F1_score": 0.3035560683939998,
    "F2_score": 0.25712610179129936
}