{
    "num_files": 3,
    "accuracy_mean": 0.46368421052631575,
    "precision_mean": 0.47526063315537,
    "recall_mean": 0.7340425531914893,
    "rejection_real_rate_mean": 0.0,
    "rejection_fake_rate_mean": 0.0,
    "one_class_accuracy_real_mean": 0.1952777777777778,
    "one_class_accuracy_fake_mean": 0.7340425531914893,
    "TP_total": 108,
    "TN_total": 29,
    "FP_total": 119,
    "FN_total": 39,
    "F1_score": 0.5769628866134635,
    "F2_score": 0.66195496014722
}