{
    "num_files": 3,
    "accuracy_mean": 0.4680808080808081,
    "precision_mean": 0.47300944669365724,
    "recall_mean": 0.5768707482993197,
    "false_negative_rate_mean": 0.42312925170068033,
    "false_positive_rate_mean": 0.64,
    "rejection_real_rate_mean": 0.0,
    "rejection_fake_rate_mean": 0.0,
    "F1_score": 0.5198027637213264,
    "F2_score": 0.5526031231826181
}