{
    "num_files": 3,
    "accuracy_mean": 0.5067346938775511,
    "precision_mean": 0.5045696400625977,
    "recall_mean": 0.7318367346938776,
    "false_negative_rate_mean": 0.26816326530612244,
    "false_positive_rate_mean": 0.7183673469387756,
    "rejection_real_rate_mean": 0.0,
    "rejection_fake_rate_mean": 0.0
}