{
    "num_files": 3,
    "accuracy_mean": 0.51,
    "precision_mean": 0.3541666666666667,
    "recall_mean": 0.12666666666666668,
    "rejection_real_rate_mean": 0.0,
    "rejection_fake_rate_mean": 0.0,
    "one_class_accuracy_real_mean": 0.8933333333333332,
    "one_class_accuracy_fake_mean": 0.12666666666666668,
    "TP_total": 19,
    "TN_total": 134,
    "FP_total": 16,
    "FN_total": 131,
    "F1_score": 0.18659734257654537,
    "F2_score": 0.1453383729301656
}