{
    "num_files": 3,
    "accuracy_mean": 0.44,
    "precision_mean": 0.3412698412698412,
    "recall_mean": 0.15333333333333335,
    "rejection_real_rate_mean": 0.0,
    "rejection_fake_rate_mean": 0.0,
    "one_class_accuracy_real_mean": 0.7266666666666666,
    "one_class_accuracy_fake_mean": 0.15333333333333335,
    "TP_total": 23,
    "TN_total": 109,
    "FP_total": 41,
    "FN_total": 127,
    "F1_score": 0.21159606332905434,
    "F2_score": 0.17231165934908357
}