{
    "num_files": 3,
    "accuracy_mean": 0.51,
    "precision_mean": 0.3541666666666667,
    "recall_mean": 0.12666666666666668,
    "false_negative_rate_mean": 0.8733333333333334,
    "false_positive_rate_mean": 0.10666666666666667,
    "rejection_real_rate_mean": 0.0,
    "rejection_fake_rate_mean": 0.0,
    "F1_score": 0.18659734257654537,
    "F2_score": 0.1453383729301656
}