{
    "num_files": 3,
    "accuracy_mean": 0.5016949540759065,
    "precision_mean": 0.5016949540759065,
    "recall_mean": 1.0,
    "rejection_real_rate_mean": 0.0,
    "rejection_fake_rate_mean": 0.0,
    "one_class_accuracy_real_mean": 0.0,
    "one_class_accuracy_fake_mean": 1.0,
    "TP_total": 447,
    "TN_total": 0,
    "FP_total": 444,
    "FN_total": 0,
    "F1_score": 0.6681715919923737,
    "F2_score": 0.8342728512336886
}