{
    "num_files": 3,
    "accuracy_mean": 0.516991341991342,
    "precision_mean": 0.5204736440030557,
    "recall_mean": 0.8782153518995625,
    "rejection_real_rate_mean": 0.2283355871084066,
    "rejection_fake_rate_mean": 0.18494897959183673,
    "one_class_accuracy_real_mean": 0.13427800269905532,
    "one_class_accuracy_fake_mean": 0.8782153518995625,
    "TP_total": 106,
    "TN_total": 15,
    "FP_total": 98,
    "FN_total": 15,
    "F1_score": 0.6535948245272609,
    "F2_score": 0.7720793408929997
}