{
    "num_files": 3,
    "accuracy_mean": 0.5033333333333333,
    "precision_mean": 0.5555555555555555,
    "recall_mean": 0.04666666666666667,
    "rejection_real_rate_mean": 0.0,
    "rejection_fake_rate_mean": 0.0,
    "one_class_accuracy_real_mean": 0.96,
    "one_class_accuracy_fake_mean": 0.04666666666666667,
    "TP_total": 7,
    "TN_total": 144,
    "FP_total": 6,
    "FN_total": 143,
    "F1_score": 0.08610086100861009,
    "F2_score": 0.05713352921971922
}