{
    "num_files": 3,
    "accuracy_mean": 0.5033333333333333,
    "precision_mean": 0.5555555555555555,
    "recall_mean": 0.04666666666666667,
    "false_negative_rate_mean": 0.9533333333333333,
    "false_positive_rate_mean": 0.04,
    "rejection_real_rate_mean": 0.0,
    "rejection_fake_rate_mean": 0.0,
    "F1_score": 0.08610086100861009,
    "F2_score": 0.05713352921971922
}