{
    "num_files": 3,
    "accuracy_mean": 0.42343132953049584,
    "precision_mean": 0.375,
    "recall_mean": 0.15,
    "rejection_real_rate_mean": 0.4938166287523975,
    "rejection_fake_rate_mean": 0.48380370885575674,
    "one_class_accuracy_real_mean": 0.6963492063492064,
    "one_class_accuracy_fake_mean": 0.15,
    "TP_total": 12,
    "TN_total": 53,
    "FP_total": 21,
    "FN_total": 63,
    "F1_score": 0.21428571428571425,
    "F2_score": 0.17045454545454547
}