{
    "num_files": 3,
    "accuracy_mean": 0.4680808080808081,
    "precision_mean": 0.47300944669365724,
    "recall_mean": 0.5768707482993197,
    "rejection_real_rate_mean": 0.0,
    "rejection_fake_rate_mean": 0.0,
    "one_class_accuracy_real_mean": 0.36000000000000004,
    "one_class_accuracy_fake_mean": 0.5768707482993197,
    "TP_total": 86,
    "TN_total": 54,
    "FP_total": 96,
    "FN_total": 63,
    "F1_score": 0.5198027637213264,
    "F2_score": 0.5526031231826181
}