{
    "num_files": 3,
    "accuracy_mean": 0.4813852813852814,
    "precision_mean": 0.34117647058823525,
    "recall_mean": 0.47474747474747475,
    "rejection_real_rate_mean": 0.28719053934571176,
    "rejection_fake_rate_mean": 0.25005623031938823,
    "one_class_accuracy_real_mean": 0.5363975893387658,
    "one_class_accuracy_fake_mean": 0.47474747474747475,
    "TP_total": 49,
    "TN_total": 54,
    "FP_total": 48,
    "FN_total": 64,
    "F1_score": 0.39702883775123793,
    "F2_score": 0.44027391950384387
}