{
    "num_files": 3,
    "accuracy_mean": 0.5067346938775511,
    "precision_mean": 0.5045696400625977,
    "recall_mean": 0.7318367346938776,
    "rejection_real_rate_mean": 0.0,
    "rejection_fake_rate_mean": 0.0,
    "one_class_accuracy_real_mean": 0.2816326530612245,
    "one_class_accuracy_fake_mean": 0.7318367346938776,
    "TP_total": 109,
    "TN_total": 42,
    "FP_total": 107,
    "FN_total": 40,
    "F1_score": 0.597315907371971,
    "F2_score": 0.6713583944788027
}