{
    "num_files": 3,
    "accuracy_mean": 0.5066666666666667,
    "precision_mean": 0.6904761904761904,
    "recall_mean": 0.04,
    "rejection_real_rate_mean": 0.0,
    "rejection_fake_rate_mean": 0.0,
    "one_class_accuracy_real_mean": 0.9733333333333333,
    "one_class_accuracy_fake_mean": 0.04,
    "TP_total": 6,
    "TN_total": 146,
    "FP_total": 4,
    "FN_total": 144,
    "F1_score": 0.07561929595827901,
    "F2_score": 0.04928619986403807
}