{
    "num_files": 3,
    "accuracy_mean": 0.5014814814814814,
    "precision_mean": 0.4984126984126984,
    "recall_mean": 0.24666666666666667,
    "false_negative_rate_mean": 0.7481045751633987,
    "false_positive_rate_mean": 0.24204081632653063,
    "rejection_real_rate_mean": 0.006535947712418301,
    "rejection_fake_rate_mean": 0.0
}