{
    "num_files": 3,
    "accuracy_mean": 0.49333333333333335,
    "precision_mean": 0.43333333333333335,
    "recall_mean": 0.36000000000000004,
    "rejection_real_rate_mean": 0.0,
    "rejection_fake_rate_mean": 0.0,
    "one_class_accuracy_real_mean": 0.6266666666666666,
    "one_class_accuracy_fake_mean": 0.36000000000000004,
    "TP_total": 54,
    "TN_total": 94,
    "FP_total": 56,
    "FN_total": 96,
    "F1_score": 0.39327731092436974,
    "F2_score": 0.37261146496815295
}