{
    "num_files": 3,
    "accuracy_mean": 0.49333333333333335,
    "precision_mean": 0.43333333333333335,
    "recall_mean": 0.36000000000000004,
    "false_negative_rate_mean": 0.64,
    "false_positive_rate_mean": 0.37333333333333335,
    "rejection_real_rate_mean": 0.0,
    "rejection_fake_rate_mean": 0.0,
    "F1_score": 0.39327731092436974,
    "F2_score": 0.37261146496815295
}