{
    "num_files": 3,
    "accuracy_mean": 0.49,
    "precision_mean": 0.5277777777777778,
    "recall_mean": 0.02666666666666667,
    "rejection_real_rate_mean": 0.0,
    "rejection_fake_rate_mean": 0.0,
    "one_class_accuracy_real_mean": 0.9533333333333333,
    "one_class_accuracy_fake_mean": 0.02666666666666667,
    "TP_total": 4,
    "TN_total": 143,
    "FP_total": 7,
    "FN_total": 146,
    "F1_score": 0.0507682030728123,
    "F2_score": 0.03291753291753292
}