{
    "num_files": 3,
    "accuracy_mean": 0.487766323024055,
    "precision_mean": 0.48870188561633165,
    "recall_mean": 0.6611111111111111,
    "rejection_real_rate_mean": 0.0,
    "rejection_fake_rate_mean": 0.0,
    "one_class_accuracy_real_mean": 0.31537414965986393,
    "one_class_accuracy_fake_mean": 0.6611111111111111,
    "TP_total": 98,
    "TN_total": 47,
    "FP_total": 102,
    "FN_total": 50,
    "F1_score": 0.561980509041844,
    "F2_score": 0.6175387873017197
}