{
    "num_files": 3,
    "accuracy_mean": 0.49,
    "precision_mean": 0.48673469387755103,
    "recall_mean": 0.62,
    "rejection_real_rate_mean": 0.0,
    "rejection_fake_rate_mean": 0.0,
    "one_class_accuracy_real_mean": 0.36000000000000004,
    "one_class_accuracy_fake_mean": 0.62,
    "TP_total": 93,
    "TN_total": 54,
    "FP_total": 96,
    "FN_total": 57,
    "F1_score": 0.5453439055873133,
    "F2_score": 0.5878120527905867
}