{
    "num_files": 3,
    "accuracy_mean": 0.5,
    "precision_mean": 0.4807923169267707,
    "recall_mean": 0.38000000000000006,
    "rejection_real_rate_mean": 0.0,
    "rejection_fake_rate_mean": 0.0,
    "one_class_accuracy_real_mean": 0.62,
    "one_class_accuracy_fake_mean": 0.38000000000000006,
    "TP_total": 57,
    "TN_total": 93,
    "FP_total": 57,
    "FN_total": 93,
    "F1_score": 0.4244951467142698,
    "F2_score": 0.3966297288563179
}