{
    "num_files": 3,
    "accuracy_mean": 0.49,
    "precision_mean": 0.4166666666666667,
    "recall_mean": 0.013333333333333334,
    "rejection_real_rate_mean": 0.0,
    "rejection_fake_rate_mean": 0.0,
    "one_class_accuracy_real_mean": 0.9666666666666667,
    "one_class_accuracy_fake_mean": 0.013333333333333334,
    "TP_total": 2,
    "TN_total": 145,
    "FP_total": 5,
    "FN_total": 148,
    "F1_score": 0.02583979328165375,
    "F2_score": 0.016534391534391533
}