{
    "num_files": 3,
    "accuracy_mean": 0.48333333333333334,
    "precision_mean": 0.48677248677248675,
    "recall_mean": 0.20666666666666667,
    "false_negative_rate_mean": 0.7933333333333333,
    "false_positive_rate_mean": 0.24000000000000002,
    "rejection_real_rate_mean": 0.0,
    "rejection_fake_rate_mean": 0.0,
    "F1_score": 0.29014700646014546,
    "F2_score": 0.23354460439902394
}