{
    "num_files": 3,
    "accuracy_mean": 0.47666666666666674,
    "precision_mean": 0.44724867724867723,
    "recall_mean": 0.21333333333333335,
    "rejection_real_rate_mean": 0.0,
    "rejection_fake_rate_mean": 0.0,
    "one_class_accuracy_real_mean": 0.7400000000000001,
    "one_class_accuracy_fake_mean": 0.21333333333333335,
    "TP_total": 32,
    "TN_total": 111,
    "FP_total": 39,
    "FN_total": 118,
    "F1_score": 0.2888757175276999,
    "F2_score": 0.23825529366169892
}