{
    "num_files": 3,
    "accuracy_mean": 0.49333333333333335,
    "precision_mean": 0.484628618730998,
    "recall_mean": 0.5733333333333334,
    "rejection_real_rate_mean": 0.0,
    "rejection_fake_rate_mean": 0.0,
    "one_class_accuracy_real_mean": 0.41333333333333333,
    "one_class_accuracy_fake_mean": 0.5733333333333334,
    "TP_total": 86,
    "TN_total": 62,
    "FP_total": 88,
    "FN_total": 64,
    "F1_score": 0.5252622570473626,
    "F2_score": 0.5530863384564332
}