{
    "num_files": 3,
    "accuracy_mean": 0.48333333333333334,
    "precision_mean": 0.48677248677248675,
    "recall_mean": 0.20666666666666667,
    "rejection_real_rate_mean": 0.0,
    "rejection_fake_rate_mean": 0.0,
    "one_class_accuracy_real_mean": 0.7599999999999999,
    "one_class_accuracy_fake_mean": 0.20666666666666667,
    "TP_total": 31,
    "TN_total": 114,
    "FP_total": 36,
    "FN_total": 119,
    "F1_score": 0.29014700646014546,
    "F2_score": 0.23354460439902394
}