{
    "num_files": 3,
    "accuracy_mean": 0.46031973651389974,
    "precision_mean": 0.44957504873294346,
    "recall_mean": 0.5566893424036281,
    "rejection_real_rate_mean": 0.01317241779946555,
    "rejection_fake_rate_mean": 0.006756756756756757,
    "one_class_accuracy_real_mean": 0.3627663349533287,
    "one_class_accuracy_fake_mean": 0.5566893424036281,
    "TP_total": 248,
    "TN_total": 162,
    "FP_total": 282,
    "FN_total": 199,
    "F1_score": 0.4974311730489405,
    "F2_score": 0.5313688962784061
}