{
    "num_files": 3,
    "accuracy_mean": 0.4688888888888889,
    "precision_mean": 0.47737813313969957,
    "recall_mean": 0.648888888888889,
    "rejection_real_rate_mean": 0.0,
    "rejection_fake_rate_mean": 0.0,
    "one_class_accuracy_real_mean": 0.2888888888888889,
    "one_class_accuracy_fake_mean": 0.648888888888889,
    "TP_total": 292,
    "TN_total": 130,
    "FP_total": 320,
    "FN_total": 158,
    "F1_score": 0.5500744678378923,
    "F2_score": 0.6053885129128584
}