{
    "num_files": 3,
    "accuracy_mean": 0.49828282828282827,
    "precision_mean": 0.5537240537240536,
    "recall_mean": 0.32,
    "rejection_real_rate_mean": 0.0,
    "rejection_fake_rate_mean": 0.0,
    "one_class_accuracy_real_mean": 0.6737414965986394,
    "one_class_accuracy_fake_mean": 0.32,
    "TP_total": 48,
    "TN_total": 101,
    "FP_total": 48,
    "FN_total": 102,
    "F1_score": 0.40560105089577686,
    "F2_score": 0.34950483603714694
}