{
    "num_files": 3,
    "accuracy_mean": 0.49,
    "precision_mean": 0.4948095647193585,
    "recall_mean": 0.9666666666666667,
    "rejection_real_rate_mean": 0.0,
    "rejection_fake_rate_mean": 0.0,
    "one_class_accuracy_real_mean": 0.013333333333333334,
    "one_class_accuracy_fake_mean": 0.9666666666666667,
    "TP_total": 145,
    "TN_total": 2,
    "FP_total": 148,
    "FN_total": 5,
    "F1_score": 0.6545654349895577,
    "F2_score": 0.8118318897778124
}