{
    "num_files": 3,
    "accuracy_mean": 0.5014814814814814,
    "precision_mean": 0.4984126984126984,
    "recall_mean": 0.24666666666666667,
    "rejection_real_rate_mean": 0.006535947712418301,
    "rejection_fake_rate_mean": 0.0,
    "one_class_accuracy_real_mean": 0.7579591836734694,
    "one_class_accuracy_fake_mean": 0.24666666666666667,
    "TP_total": 37,
    "TN_total": 113,
    "FP_total": 36,
    "FN_total": 113,
    "F1_score": 0.330009941769635,
    "F2_score": 0.27438477162155783
}