{
    "num_files": 3,
    "accuracy_mean": 0.5016498316498317,
    "precision_mean": 0.5333333333333333,
    "recall_mean": 0.35333333333333333,
    "rejection_real_rate_mean": 0.0,
    "rejection_fake_rate_mean": 0.0,
    "one_class_accuracy_real_mean": 0.6466666666666666,
    "one_class_accuracy_fake_mean": 0.35333333333333333,
    "TP_total": 53,
    "TN_total": 97,
    "FP_total": 52,
    "FN_total": 97,
    "F1_score": 0.425062656641604,
    "F2_score": 0.3789097408400357
}