{
    "num_files": 3,
    "accuracy_mean": 0.49666666666666665,
    "precision_mean": 0.5833333333333334,
    "recall_mean": 0.03333333333333333,
    "rejection_real_rate_mean": 0.0,
    "rejection_fake_rate_mean": 0.0,
    "one_class_accuracy_real_mean": 0.96,
    "one_class_accuracy_fake_mean": 0.03333333333333333,
    "TP_total": 5,
    "TN_total": 144,
    "FP_total": 6,
    "FN_total": 145,
    "F1_score": 0.06306306306306306,
    "F2_score": 0.04107981220657277
}