{
    "num_files": 3,
    "accuracy_mean": 0.44333333333333336,
    "precision_mean": 0.4469859104690565,
    "recall_mean": 0.66,
    "rejection_real_rate_mean": 0.0,
    "rejection_fake_rate_mean": 0.0,
    "one_class_accuracy_real_mean": 0.22666666666666666,
    "one_class_accuracy_fake_mean": 0.66,
    "TP_total": 99,
    "TN_total": 34,
    "FP_total": 116,
    "FN_total": 51,
    "F1_score": 0.5329981133808184,
    "F2_score": 0.6025684085673362
}