{
    "num_files": 3,
    "accuracy_mean": 0.4110433746759162,
    "precision_mean": 0.37880116959064325,
    "recall_mean": 0.41675097557450497,
    "rejection_real_rate_mean": 0.2729645317246395,
    "rejection_fake_rate_mean": 0.23583001787464683,
    "one_class_accuracy_real_mean": 0.397456279809221,
    "one_class_accuracy_fake_mean": 0.41675097557450497,
    "TP_total": 44,
    "TN_total": 42,
    "FP_total": 63,
    "FN_total": 60,
    "F1_score": 0.3968709227548945,
    "F2_score": 0.4085646496438826
}