{
    "num_files": 3,
    "accuracy_mean": 0.5058717253839206,
    "precision_mean": 0.5008218648274084,
    "recall_mean": 0.8612447997389673,
    "rejection_real_rate_mean": 0.14918617614269788,
    "rejection_fake_rate_mean": 0.15567901234567902,
    "one_class_accuracy_real_mean": 0.15735918458550335,
    "one_class_accuracy_fake_mean": 0.8612447997389673,
    "TP_total": 108,
    "TN_total": 20,
    "FP_total": 108,
    "FN_total": 18,
    "F1_score": 0.6333467192158245,
    "F2_score": 0.7528807282858729
}