{
    "num_files": 3,
    "accuracy_mean": 0.46501683501683505,
    "precision_mean": 0.4294612794612795,
    "recall_mean": 0.4533333333333333,
    "rejection_real_rate_mean": 0.0,
    "rejection_fake_rate_mean": 0.0,
    "one_class_accuracy_real_mean": 0.47333333333333333,
    "one_class_accuracy_fake_mean": 0.4533333333333333,
    "TP_total": 68,
    "TN_total": 71,
    "FP_total": 78,
    "FN_total": 82,
    "F1_score": 0.4410745388204483,
    "F2_score": 0.4483489444409982
}