{
    "num_files": 3,
    "accuracy_mean": 0.46501683501683505,
    "precision_mean": 0.4294612794612795,
    "recall_mean": 0.4533333333333333,
    "false_negative_rate_mean": 0.5466666666666666,
    "false_positive_rate_mean": 0.5266666666666667,
    "rejection_real_rate_mean": 0.0,
    "rejection_fake_rate_mean": 0.0
}