{
    "num_files": 2,
    "accuracy_mean": 0.4494949494949495,
    "precision_mean": 0.44565217391304346,
    "recall_mean": 0.37367346938775514,
    "false_negative_rate_mean": 0.626326530612245,
    "false_positive_rate_mean": 0.4683873549419768,
    "rejection_real_rate_mean": 0.0,
    "rejection_fake_rate_mean": 0.00980392156862745
}