{
    "num_files": 3,
    "accuracy_mean": 0.46966329966329967,
    "precision_mean": 0.46804162021553325,
    "recall_mean": 0.3824489795918367,
    "false_negative_rate_mean": 0.6175510204081632,
    "false_positive_rate_mean": 0.43892490329465117,
    "rejection_real_rate_mean": 0.0,
    "rejection_fake_rate_mean": 0.006535947712418301,
    "F1_score": 0.42093831512889934,
    "F2_score": 0.39696800451705044
}