{
    "num_files": 3,
    "accuracy_mean": 0.5033333333333333,
    "precision_mean": 0.2222222222222222,
    "recall_mean": 0.013333333333333334,
    "rejection_real_rate_mean": 0.0,
    "rejection_fake_rate_mean": 0.0,
    "one_class_accuracy_real_mean": 0.9933333333333333,
    "one_class_accuracy_fake_mean": 0.013333333333333334,
    "TP_total": 2,
    "TN_total": 149,
    "FP_total": 1,
    "FN_total": 148,
    "F1_score": 0.025157232704402517,
    "F2_score": 0.016420361247947456
}