{
    "num_files": 3,
    "accuracy_mean": 0.49666666666666665,
    "precision_mean": 0.16666666666666666,
    "recall_mean": 0.006666666666666667,
    "false_negative_rate_mean": 0.9933333333333333,
    "false_positive_rate_mean": 0.013333333333333334,
    "rejection_real_rate_mean": 0.0,
    "rejection_fake_rate_mean": 0.0,
    "F1_score": 0.012820512820512822,
    "F2_score": 0.008250825082508252
}