{
    "num_files": 3,
    "accuracy_mean": 0.46763888888888894,
    "precision_mean": 0.4285006548111387,
    "recall_mean": 0.548611111111111,
    "rejection_real_rate_mean": 0.0,
    "rejection_fake_rate_mean": 0.0,
    "one_class_accuracy_real_mean": 0.38666666666666666,
    "one_class_accuracy_fake_mean": 0.548611111111111,
    "TP_total": 82,
    "TN_total": 57,
    "FP_total": 91,
    "FN_total": 66,
    "F1_score": 0.4811736559653364,
    "F2_score": 0.5194881857072984
}