{
    "num_files": 3,
    "accuracy_mean": 0.49666666666666665,
    "precision_mean": 0.5,
    "recall_mean": 0.02666666666666667,
    "rejection_real_rate_mean": 0.0,
    "rejection_fake_rate_mean": 0.0,
    "one_class_accuracy_real_mean": 0.9666666666666667,
    "one_class_accuracy_fake_mean": 0.02666666666666667,
    "TP_total": 4,
    "TN_total": 145,
    "FP_total": 5,
    "FN_total": 146,
    "F1_score": 0.05063291139240507,
    "F2_score": 0.03289473684210526
}