{
    "num_files": 3,
    "accuracy_mean": 0.5183721028404108,
    "precision_mean": 0.5128015881095388,
    "recall_mean": 0.5064814814814814,
    "rejection_real_rate_mean": 0.09055010893246186,
    "rejection_fake_rate_mean": 0.10592883307169021,
    "one_class_accuracy_real_mean": 0.5307383583484523,
    "one_class_accuracy_fake_mean": 0.5064814814814814,
    "TP_total": 66,
    "TN_total": 72,
    "FP_total": 63,
    "FN_total": 65,
    "F1_score": 0.5096219407548644,
    "F2_score": 0.5077330091017204
}