{
    "num_files": 3,
    "accuracy_mean": 0.48333333333333334,
    "precision_mean": 0.4259259259259259,
    "recall_mean": 0.12666666666666668,
    "rejection_real_rate_mean": 0.0,
    "rejection_fake_rate_mean": 0.0,
    "one_class_accuracy_real_mean": 0.84,
    "one_class_accuracy_fake_mean": 0.12666666666666668,
    "TP_total": 19,
    "TN_total": 126,
    "FP_total": 24,
    "FN_total": 131,
    "F1_score": 0.19526362823949955,
    "F2_score": 0.14737623094563604
}