{
    "num_files": 3,
    "accuracy_mean": 0.5531944444444444,
    "precision_mean": 0.5762108262108262,
    "recall_mean": 0.39390070921985815,
    "rejection_real_rate_mean": 0.0,
    "rejection_fake_rate_mean": 0.0,
    "one_class_accuracy_real_mean": 0.7107482993197278,
    "one_class_accuracy_fake_mean": 0.39390070921985815,
    "TP_total": 58,
    "TN_total": 106,
    "FP_total": 43,
    "FN_total": 89,
    "F1_score": 0.46792527418786095,
    "F2_score": 0.4205101556906922
}