{
    "num_files": 3,
    "accuracy_mean": 0.4548821548821549,
    "precision_mean": 0.475681815972526,
    "recall_mean": 0.8533333333333334,
    "rejection_real_rate_mean": 0.0,
    "rejection_fake_rate_mean": 0.0,
    "one_class_accuracy_real_mean": 0.053469387755102044,
    "one_class_accuracy_fake_mean": 0.8533333333333334,
    "TP_total": 128,
    "TN_total": 8,
    "FP_total": 141,
    "FN_total": 22,
    "F1_score": 0.6108510498799012,
    "F2_score": 0.7364046168629667
}