{
    "total_processed": 100,
    "total_real": 50,
    "total_fake": 50,
    "TP": 1,
    "TN": 41,
    "FP": 1,
    "FN": 41,
    "rejection_real": 2,
    "rejection_fake": 2,
    "text_parsing_errors": 12,
    "text_parsing_error_rate": 0.12,
    "accuracy": 0.5,
    "precision": 0.5,
    "recall": 0.023809523809523808,
    "false_negative_rate": 0.9318181818181818,
    "false_positive_rate": 0.022727272727272728,
    "rejection_real_rate": 0.045454545454545456,
    "rejection_fake_rate": 0.045454545454545456,
    "rejection_total_rate": 0.045454545454545456
}