{
    "total_processed": 100,
    "total_real": 50,
    "total_fake": 50,
    "TP": 1,
    "TN": 49,
    "FP": 0,
    "FN": 46,
    "rejection_real": 1,
    "rejection_fake": 2,
    "text_parsing_errors": 1,
    "text_parsing_error_rate": 0.01,
    "accuracy": 0.5208333333333334,
    "precision": 1.0,
    "recall": 0.02127659574468085,
    "false_negative_rate": 0.9583333333333334,
    "false_positive_rate": 0.0,
    "rejection_real_rate": 0.020833333333333332,
    "rejection_fake_rate": 0.0392156862745098,
    "rejection_total_rate": 0.030303030303030304,
    "comment": "risultato terribile cambiamo system prompt"
}