{
    "total_processed": 100,
    "total_real": 50,
    "total_fake": 50,
    "TP": 13,
    "TN": 18,
    "FP": 28,
    "FN": 31,
    "rejection_real": 3,
    "rejection_fake": 5,
    "text_parsing_errors": 2,
    "text_parsing_error_rate": 0.02,
    "accuracy": 0.34444444444444444,
    "precision": 0.3170731707317073,
    "recall": 0.29545454545454547,
    "false_negative_rate": 0.6595744680851063,
    "false_positive_rate": 0.5490196078431373,
    "rejection_real_rate": 0.06382978723404255,
    "rejection_fake_rate": 0.09803921568627451,
    "rejection_total_rate": 0.08163265306122448
}