{
    "total_processed": 100,
    "total_real": 50,
    "total_fake": 50,
    "TP": 22,
    "TN": 17,
    "FP": 29,
    "FN": 25,
    "rejection_real": 3,
    "rejection_fake": 1,
    "text_parsing_errors": 3,
    "text_parsing_error_rate": 0.03,
    "accuracy": 0.41935483870967744,
    "precision": 0.43137254901960786,
    "recall": 0.46808510638297873,
    "false_negative_rate": 0.5,
    "false_positive_rate": 0.6170212765957447,
    "rejection_real_rate": 0.06,
    "rejection_fake_rate": 0.02127659574468085,
    "rejection_total_rate": 0.041237113402061855
}