{
    "total_processed": 100,
    "total_real": 50,
    "total_fake": 50,
    "TP": 15,
    "TN": 22,
    "FP": 14,
    "FN": 24,
    "rejection_real": 14,
    "rejection_fake": 10,
    "text_parsing_errors": 1,
    "text_parsing_error_rate": 1.0,
    "accuracy": 0.49333333333333335,
    "precision": 0.5172413793103449,
    "recall": 0.38461538461538464,
    "false_negative_rate": 0.4528301886792453,
    "false_positive_rate": 0.30434782608695654,
    "rejection_real_rate": 0.2641509433962264,
    "rejection_fake_rate": 0.21739130434782608,
    "rejection_total_rate": 0.24242424242424243
}