{
    "total_processed": 100,
    "total_real": 50,
    "total_fake": 50,
    "TP": 22,
    "TN": 15,
    "FP": 28,
    "FN": 18,
    "rejection_real": 7,
    "rejection_fake": 8,
    "text_parsing_errors": 2,
    "text_parsing_error_rate": 0.02,
    "accuracy": 0.4457831325301205,
    "precision": 0.44,
    "recall": 0.55,
    "false_negative_rate": 0.3829787234042553,
    "false_positive_rate": 0.5490196078431373,
    "rejection_real_rate": 0.14893617021276595,
    "rejection_fake_rate": 0.1568627450980392,
    "rejection_total_rate": 0.15306122448979592
}