{
    "total_processed": 100,
    "total_real": 50,
    "total_fake": 50,
    "TP": 29,
    "TN": 7,
    "FP": 35,
    "FN": 18,
    "rejection_real": 6,
    "rejection_fake": 2,
    "text_parsing_errors": 3,
    "text_parsing_error_rate": 0.03,
    "accuracy": 0.4044943820224719,
    "precision": 0.453125,
    "recall": 0.6170212765957447,
    "false_negative_rate": 0.33962264150943394,
    "false_positive_rate": 0.7954545454545454,
    "rejection_real_rate": 0.11320754716981132,
    "rejection_fake_rate": 0.045454545454545456,
    "rejection_total_rate": 0.08247422680412371,
    "comment": "sembra che sia molto inflenzato dal contesto"
}