{
    "total_processed": 100,
    "total_real": 50,
    "total_fake": 50,
    "TP": 4,
    "TN": 22,
    "FP": 3,
    "FN": 28,
    "rejection_real": 24,
    "rejection_fake": 18,
    "text_parsing_errors": 1,
    "text_parsing_error_rate": 0.01,
    "accuracy": 0.45614035087719296,
    "precision": 0.5714285714285714,
    "recall": 0.125,
    "false_negative_rate": 0.5,
    "false_positive_rate": 0.06976744186046512,
    "rejection_real_rate": 0.42857142857142855,
    "rejection_fake_rate": 0.4186046511627907,
    "rejection_total_rate": 0.42424242424242425,
    "comment": "risultato insoddisfaccente"
}