{
    "total_processed": 100,
    "total_real": 50,
    "total_fake": 50,
    "TP": 24,
    "TN": 15,
    "FP": 25,
    "FN": 9,
    "rejection_real": 9,
    "rejection_fake": 4,
    "text_parsing_errors": 14,
    "text_parsing_error_rate": 14.000000000000002,
    "accuracy": 0.5342465753424658,
    "precision": 0.4897959183673469,
    "recall": 0.7272727272727273,
    "false_negative_rate": 0.21428571428571427,
    "false_positive_rate": 0.5681818181818182,
    "rejection_real_rate": 0.21428571428571427,
    "rejection_fake_rate": 0.09090909090909091,
    "rejection_total_rate": 0.1511627906976744,
    "comment": "questo tentativo usando un system prompt meno restrittivo risultati migliori",
    "analisi": ""
}