{
    "total_processed": 100,
    "total_real": 50,
    "total_fake": 50,
    "TP": 1,
    "TN": 35,
    "FP": 1,
    "FN": 39,
    "rejection_real": 14,
    "rejection_fake": 10,
    "text_parsing_errors": 0,
    "text_parsing_error_rate": 0.0,
    "accuracy": 0.47368421052631576,
    "precision": 0.5,
    "recall": 0.025,
    "false_negative_rate": 0.7222222222222222,
    "false_positive_rate": 0.021739130434782608,
    "rejection_real_rate": 0.25925925925925924,
    "rejection_fake_rate": 0.21739130434782608,
    "rejection_total_rate": 0.24
}