{
    "total_processed": 500,
    "total_real": 250,
    "total_fake": 250,
    "TP": 121,
    "TN": 86,
    "FP": 121,
    "FN": 111,
    "rejection_real": 37,
    "rejection_fake": 16,
    "text_parsing_errors": 8,
    "text_parsing_error_rate": 0.016,
    "accuracy": 0.4715261958997722,
    "precision": 0.5,
    "recall": 0.521551724137931,
    "false_negative_rate": 0.41263940520446096,
    "false_positive_rate": 0.5426008968609866,
    "rejection_real_rate": 0.137546468401487,
    "rejection_fake_rate": 0.07174887892376682,
    "rejection_total_rate": 0.10772357723577236
}