{
    "total_processed": 100,
    "total_real": 50,
    "total_fake": 50,
    "TP": 18,
    "TN": 21,
    "FP": 15,
    "FN": 14,
    "rejection_real": 13,
    "rejection_fake": 17,
    "text_parsing_errors": 2,
    "text_parsing_error_rate": 0.02,
    "accuracy": 0.5735294117647058,
    "precision": 0.5454545454545454,
    "recall": 0.5625,
    "false_negative_rate": 0.3111111111111111,
    "false_positive_rate": 0.2830188679245283,
    "rejection_real_rate": 0.28888888888888886,
    "rejection_fake_rate": 0.32075471698113206,
    "rejection_total_rate": 0.30612244897959184,
    "comment": "dobbiamo forzare di più a non usare l'uncertain?"
}