{
    "num_files": 3,
    "accuracy_mean": 0.3443517329910141,
    "precision_mean": 0.1111111111111111,
    "recall_mean": 0.16666666666666666,
    "rejection_real_rate_mean": 0.7770220021403565,
    "rejection_fake_rate_mean": 0.7440500416690893,
    "one_class_accuracy_real_mean": 0.4992424242424242,
    "one_class_accuracy_fake_mean": 0.16666666666666666,
    "TP_total": 4,
    "TN_total": 23,
    "FP_total": 16,
    "FN_total": 29,
    "F1_score": 0.13333333333333333,
    "F2_score": 0.15151515151515152
}