{
    "num_files": 3,
    "accuracy_mean": 0.5160869565217392,
    "precision_mean": 0.5112217320071726,
    "recall_mean": 0.8903546099290779,
    "rejection_real_rate_mean": 0.0,
    "rejection_fake_rate_mean": 0.0,
    "one_class_accuracy_real_mean": 0.1362962962962963,
    "one_class_accuracy_fake_mean": 0.8903546099290779,
    "TP_total": 131,
    "TN_total": 20,
    "FP_total": 125,
    "FN_total": 16,
    "F1_score": 0.6495095731420626,
    "F2_score": 0.7753512273221698
}