{
    "num_files": 3,
    "accuracy_mean": 0.5160869565217392,
    "precision_mean": 0.5112217320071726,
    "recall_mean": 0.8903546099290779,
    "false_negative_rate_mean": 0.10964539007092199,
    "false_positive_rate_mean": 0.8637037037037038,
    "rejection_real_rate_mean": 0.0,
    "rejection_fake_rate_mean": 0.0
}