{
    "num_files": 3,
    "accuracy_mean": 0.47666666666666674,
    "precision_mean": 0.44724867724867723,
    "recall_mean": 0.21333333333333335,
    "false_negative_rate_mean": 0.7866666666666666,
    "false_positive_rate_mean": 0.26,
    "rejection_real_rate_mean": 0.0,
    "rejection_fake_rate_mean": 0.0
}