{
    "num_files": 3,
    "accuracy_mean": 0.41917892156862746,
    "precision_mean": 0.36967683479311386,
    "recall_mean": 0.3701475912002228,
    "rejection_real_rate_mean": 0.18305504019789734,
    "rejection_fake_rate_mean": 0.1430880595965985,
    "one_class_accuracy_real_mean": 0.5155187835420394,
    "one_class_accuracy_fake_mean": 0.3701475912002228,
    "TP_total": 48,
    "TN_total": 52,
    "FP_total": 57,
    "FN_total": 77,
    "F1_score": 0.3699120632235688,
    "F2_score": 0.37005334402740736
}