{
    "num_files": 3,
    "accuracy_mean": 0.5531944444444444,
    "precision_mean": 0.5762108262108262,
    "recall_mean": 0.39390070921985815,
    "false_negative_rate_mean": 0.6060992907801418,
    "false_positive_rate_mean": 0.2892517006802721,
    "rejection_real_rate_mean": 0.0,
    "rejection_fake_rate_mean": 0.0,
    "F1_score": 0.46792527418786095,
    "F2_score": 0.4205101556906922
}