{
    "num_files": 3,
    "accuracy_mean": 0.487766323024055,
    "precision_mean": 0.48870188561633165,
    "recall_mean": 0.6611111111111111,
    "false_negative_rate_mean": 0.33888888888888885,
    "false_positive_rate_mean": 0.6846258503401361,
    "rejection_real_rate_mean": 0.0,
    "rejection_fake_rate_mean": 0.0,
    "F1_score": 0.561980509041844,
    "F2_score": 0.6175387873017197
}