{
    "num_files": 3,
    "accuracy_mean": 0.49828282828282827,
    "precision_mean": 0.5537240537240536,
    "recall_mean": 0.32,
    "false_negative_rate_mean": 0.68,
    "false_positive_rate_mean": 0.3262585034013606,
    "rejection_real_rate_mean": 0.0,
    "rejection_fake_rate_mean": 0.0,
    "F1_score": 0.40560105089577686,
    "F2_score": 0.34950483603714694
}