{
    "num_files": 3,
    "accuracy_mean": 0.5,
    "precision_mean": 0.33512544802867383,
    "recall_mean": 0.33305555555555555,
    "rejection_real_rate_mean": 0.013333333333333334,
    "rejection_fake_rate_mean": 0.013888888888888888,
    "one_class_accuracy_real_mean": 0.66,
    "one_class_accuracy_fake_mean": 0.33305555555555555,
    "TP_total": 48,
    "TN_total": 99,
    "FP_total": 47,
    "FN_total": 100,
    "F1_score": 0.3340872957335562,
    "F2_score": 0.33346748597941245
}