{
    "num_files": 3,
    "accuracy_mean": 0.48821548821548816,
    "precision_mean": 0.2619047619047619,
    "recall_mean": 0.02,
    "rejection_real_rate_mean": 0.006535947712418301,
    "rejection_fake_rate_mean": 0.0,
    "one_class_accuracy_real_mean": 0.9593197278911565,
    "one_class_accuracy_fake_mean": 0.02,
    "TP_total": 3,
    "TN_total": 143,
    "FP_total": 6,
    "FN_total": 147,
    "F1_score": 0.037162162162162164,
    "F2_score": 0.024531668153434435
}