{
    "num_files": 3,
    "accuracy_mean": 0.52,
    "precision_mean": 0.39943741209563993,
    "recall_mean": 0.29333333333333333,
    "false_negative_rate_mean": 0.7066666666666667,
    "false_positive_rate_mean": 0.25333333333333335,
    "rejection_real_rate_mean": 0.0,
    "rejection_fake_rate_mean": 0.0,
    "F1_score": 0.33825997509609657,
    "F2_score": 0.3097915551060074
}