{
    "num_files": 3,
    "accuracy_mean": 0.535475040257649,
    "precision_mean": 0.5250196024843912,
    "recall_mean": 0.8021913446229556,
    "false_negative_rate_mean": 0.19780865537704442,
    "false_positive_rate_mean": 0.7305010893246188,
    "rejection_real_rate_mean": 0.0,
    "rejection_fake_rate_mean": 0.006535947712418301
}