{
    "num_files": 3,
    "accuracy_mean": 0.52,
    "precision_mean": 0.39943741209563993,
    "recall_mean": 0.29333333333333333,
    "rejection_real_rate_mean": 0.0,
    "rejection_fake_rate_mean": 0.0,
    "one_class_accuracy_real_mean": 0.7466666666666667,
    "one_class_accuracy_fake_mean": 0.29333333333333333,
    "TP_total": 44,
    "TN_total": 112,
    "FP_total": 38,
    "FN_total": 106,
    "F1_score": 0.33825997509609657,
    "F2_score": 0.3097915551060074
}