{
    "num_files": 3,
    "accuracy_mean": 0.39648033126293997,
    "precision_mean": 0.3820662768031189,
    "recall_mean": 0.5815098986454486,
    "rejection_real_rate_mean": 0.6643537414965986,
    "rejection_fake_rate_mean": 0.6441711229946524,
    "one_class_accuracy_real_mean": 0.26259489302967565,
    "one_class_accuracy_fake_mean": 0.5815098986454486,
    "TP_total": 25,
    "TN_total": 16,
    "FP_total": 39,
    "FN_total": 24,
    "F1_score": 0.4611473956300293,
    "F2_score": 0.5265379513994186
}