{
    "num_files": 3,
    "accuracy_mean": 0.49333333333333335,
    "precision_mean": 0.4604166666666667,
    "recall_mean": 0.22666666666666666,
    "rejection_real_rate_mean": 0.0,
    "rejection_fake_rate_mean": 0.0,
    "one_class_accuracy_real_mean": 0.7600000000000001,
    "one_class_accuracy_fake_mean": 0.22666666666666666,
    "TP_total": 34,
    "TN_total": 114,
    "FP_total": 36,
    "FN_total": 116,
    "F1_score": 0.3037800687285223,
    "F2_score": 0.252283105022831
}