{
    "num_files": 3,
    "accuracy_mean": 0.5024875621890547,
    "precision_mean": 0.5005380683346785,
    "recall_mean": 0.8478213507625272,
    "rejection_real_rate_mean": 0.28721441986936896,
    "rejection_fake_rate_mean": 0.29862298195631526,
    "one_class_accuracy_real_mean": 0.15719879472001713,
    "one_class_accuracy_fake_mean": 0.8478213507625272,
    "TP_total": 89,
    "TN_total": 17,
    "FP_total": 89,
    "FN_total": 16,
    "F1_score": 0.6294565902728045,
    "F2_score": 0.7445101554885447
}