{
    "num_files": 3,
    "accuracy_mean": 0.46329530809985203,
    "precision_mean": 0.4809116809116809,
    "recall_mean": 0.5619358854652973,
    "rejection_real_rate_mean": 0.24647190293742016,
    "rejection_fake_rate_mean": 0.2318903318903319,
    "one_class_accuracy_real_mean": 0.36316536316536313,
    "one_class_accuracy_fake_mean": 0.5619358854652973,
    "TP_total": 64,
    "TN_total": 41,
    "FP_total": 70,
    "FN_total": 50,
    "F1_score": 0.5182761890744452,
    "F2_score": 0.5436180842532009
}