{
    "num_files": 3,
    "accuracy_mean": 0.4846391752577319,
    "precision_mean": 0.26702508960573473,
    "recall_mean": 0.20805555555555555,
    "rejection_real_rate_mean": 0.006802721088435374,
    "rejection_fake_rate_mean": 0.013071895424836602,
    "one_class_accuracy_real_mean": 0.7621768707482993,
    "one_class_accuracy_fake_mean": 0.20805555555555555,
    "TP_total": 30,
    "TN_total": 114,
    "FP_total": 35,
    "FN_total": 118,
    "F1_score": 0.23388051662821083,
    "F2_score": 0.21766953691416016
}