{
    "num_files": 3,
    "accuracy_mean": 0.2833333333333334,
    "precision_mean": 0.08333333333333333,
    "recall_mean": 0.08333333333333333,
    "rejection_real_rate_mean": 0.931986359761296,
    "rejection_fake_rate_mean": 0.9165180146132528,
    "one_class_accuracy_real_mean": 0.44047619047619047,
    "one_class_accuracy_fake_mean": 0.08333333333333333,
    "TP_total": 1,
    "TN_total": 6,
    "FP_total": 7,
    "FN_total": 9,
    "F1_score": 0.08333333333333333,
    "F2_score": 0.08333333333333334
}