{
    "num_files": 3,
    "accuracy_mean": 0.5,
    "precision_mean": 0.16666666666666666,
    "recall_mean": 0.006666666666666667,
    "rejection_real_rate_mean": 0.0,
    "rejection_fake_rate_mean": 0.0,
    "one_class_accuracy_real_mean": 0.9933333333333333,
    "one_class_accuracy_fake_mean": 0.006666666666666667,
    "TP_total": 1,
    "TN_total": 149,
    "FP_total": 1,
    "FN_total": 149,
    "F1_score": 0.012820512820512822,
    "F2_score": 0.008250825082508252
}