{
    "num_files": 3,
    "accuracy_mean": 0.49333333333333335,
    "precision_mean": 0.38888888888888884,
    "recall_mean": 0.03333333333333333,
    "rejection_real_rate_mean": 0.0,
    "rejection_fake_rate_mean": 0.0,
    "one_class_accuracy_real_mean": 0.9533333333333333,
    "one_class_accuracy_fake_mean": 0.03333333333333333,
    "TP_total": 5,
    "TN_total": 143,
    "FP_total": 7,
    "FN_total": 145,
    "F1_score": 0.06140350877192982,
    "F2_score": 0.040792540792540785
}