{
    "num_files": 3,
    "accuracy_mean": 0.5058760683760684,
    "precision_mean": 0.4817587641117053,
    "recall_mean": 0.42703962703962706,
    "rejection_real_rate_mean": 0.38035480859010273,
    "rejection_fake_rate_mean": 0.3740804597701149,
    "one_class_accuracy_real_mean": 0.5457875457875457,
    "one_class_accuracy_fake_mean": 0.42703962703962706,
    "TP_total": 50,
    "TN_total": 44,
    "FP_total": 52,
    "FN_total": 40,
    "F1_score": 0.4527518643352798,
    "F2_score": 0.4369659220935218
}