{
    "num_files": 3,
    "accuracy_mean": 0.49333333333333335,
    "precision_mean": 0.1111111111111111,
    "recall_mean": 0.006666666666666667,
    "rejection_real_rate_mean": 0.0,
    "rejection_fake_rate_mean": 0.0,
    "one_class_accuracy_real_mean": 0.98,
    "one_class_accuracy_fake_mean": 0.006666666666666667,
    "TP_total": 1,
    "TN_total": 147,
    "FP_total": 3,
    "FN_total": 149,
    "F1_score": 0.012578616352201259,
    "F2_score": 0.008210180623973728
}