{
    "num_files": 3,
    "accuracy_mean": 0.5033333333333333,
    "precision_mean": 0.48665577342047933,
    "recall_mean": 0.14666666666666667,
    "rejection_real_rate_mean": 0.0,
    "rejection_fake_rate_mean": 0.0,
    "one_class_accuracy_real_mean": 0.86,
    "one_class_accuracy_fake_mean": 0.14666666666666667,
    "TP_total": 22,
    "TN_total": 129,
    "FP_total": 21,
    "FN_total": 128,
    "F1_score": 0.2254023403681981,
    "F2_score": 0.17048805534161793
}