{
    "num_files": 3,
    "accuracy_mean": 0.46966329966329967,
    "precision_mean": 0.46804162021553325,
    "recall_mean": 0.3824489795918367,
    "rejection_real_rate_mean": 0.0,
    "rejection_fake_rate_mean": 0.006535947712418301,
    "one_class_accuracy_real_mean": 0.5574149659863946,
    "one_class_accuracy_fake_mean": 0.3824489795918367,
    "TP_total": 57,
    "TN_total": 83,
    "FP_total": 66,
    "FN_total": 92,
    "F1_score": 0.42093831512889934,
    "F2_score": 0.39696800451705044
}