{
    "num_files": 3,
    "accuracy_mean": 0.5334492465640007,
    "precision_mean": 0.5325854700854701,
    "recall_mean": 0.8799283154121863,
    "rejection_real_rate_mean": 0.4391605126899245,
    "rejection_fake_rate_mean": 0.4178519892805607,
    "one_class_accuracy_real_mean": 0.16666666666666666,
    "one_class_accuracy_fake_mean": 0.8799283154121863,
    "TP_total": 74,
    "TN_total": 15,
    "FP_total": 64,
    "FN_total": 12,
    "F1_score": 0.6635503884164996,
    "F2_score": 0.7783969627814795
}