{
    "num_files": 3,
    "accuracy_mean": 0.45558390926811976,
    "precision_mean": 0.457994227994228,
    "recall_mean": 0.5395657837603126,
    "rejection_real_rate_mean": 0.0,
    "rejection_fake_rate_mean": 0.006535947712418301,
    "one_class_accuracy_real_mean": 0.37222222222222223,
    "one_class_accuracy_fake_mean": 0.5395657837603126,
    "TP_total": 79,
    "TN_total": 55,
    "FP_total": 93,
    "FN_total": 67,
    "F1_score": 0.4954449089248592,
    "F2_score": 0.5210068851587449
}