{
    "num_files": 3,
    "accuracy_mean": 0.45558390926811976,
    "precision_mean": 0.457994227994228,
    "recall_mean": 0.5395657837603126,
    "false_negative_rate_mean": 0.46043421623968733,
    "false_positive_rate_mean": 0.6238562091503268,
    "rejection_real_rate_mean": 0.0,
    "rejection_fake_rate_mean": 0.006535947712418301,
    "F1_score": 0.4954449089248592,
    "F2_score": 0.5210068851587449
}