{
    "num_files": 3,
    "accuracy_mean": 0.4879728406514121,
    "precision_mean": 0.49192582005082003,
    "recall_mean": 0.7275987841945288,
    "rejection_real_rate_mean": 0.02014705882352941,
    "rejection_fake_rate_mean": 0.0258974358974359,
    "one_class_accuracy_real_mean": 0.25170068027210885,
    "one_class_accuracy_fake_mean": 0.7275987841945288,
    "TP_total": 106,
    "TN_total": 37,
    "FP_total": 110,
    "FN_total": 40,
    "F1_score": 0.5869904179659576,
    "F2_score": 0.6639786933544342
}