{
    "num_files": 3,
    "accuracy_mean": 0.4879728406514121,
    "precision_mean": 0.49192582005082003,
    "recall_mean": 0.7275987841945288,
    "false_negative_rate_mean": 0.26694444444444443,
    "false_positive_rate_mean": 0.7272946101517531,
    "rejection_real_rate_mean": 0.02014705882352941,
    "rejection_fake_rate_mean": 0.0258974358974359
}