{
    "num_files": 3,
    "accuracy_mean": 0.49333333333333335,
    "precision_mean": 0.6866666666666666,
    "recall_mean": 0.18000000000000002,
    "rejection_real_rate_mean": 0.0,
    "rejection_fake_rate_mean": 0.0,
    "one_class_accuracy_real_mean": 0.8066666666666666,
    "one_class_accuracy_fake_mean": 0.18000000000000002,
    "TP_total": 27,
    "TN_total": 121,
    "FP_total": 29,
    "FN_total": 123,
    "F1_score": 0.28523076923076923,
    "F2_score": 0.21116173120728932
}