{
    "num_files": 3,
    "accuracy_mean": 0.4863786008230453,
    "precision_mean": 0.2644444444444444,
    "recall_mean": 0.20324786324786326,
    "rejection_real_rate_mean": 0.05673758865248227,
    "rejection_fake_rate_mean": 0.06918238993710692,
    "one_class_accuracy_real_mean": 0.7723809523809524,
    "one_class_accuracy_fake_mean": 0.20324786324786326,
    "TP_total": 24,
    "TN_total": 113,
    "FP_total": 29,
    "FN_total": 115,
    "F1_score": 0.2298424301494477,
    "F2_score": 0.2131113219767144
}