{
    "num_files": 3,
    "accuracy_mean": 0.46368421052631575,
    "precision_mean": 0.47526063315537,
    "recall_mean": 0.7340425531914893,
    "false_negative_rate_mean": 0.26595744680851063,
    "false_positive_rate_mean": 0.8047222222222222,
    "rejection_real_rate_mean": 0.0,
    "rejection_fake_rate_mean": 0.0
}