{
    "num_files": 3,
    "accuracy_mean": 0.44800198560436827,
    "precision_mean": 0.3462833462833463,
    "recall_mean": 0.13317035268254782,
    "rejection_real_rate_mean": 0.2421383647798742,
    "rejection_fake_rate_mean": 0.23947081287506822,
    "one_class_accuracy_real_mean": 0.7622807017543859,
    "one_class_accuracy_fake_mean": 0.13317035268254782,
    "TP_total": 15,
    "TN_total": 86,
    "FP_total": 27,
    "FN_total": 98,
    "F1_score": 0.19236341466176246,
    "F2_score": 0.1518624837839813
}