{
    "num_files": 3,
    "accuracy_mean": 0.38743561940905397,
    "precision_mean": 0.38580246913580246,
    "recall_mean": 0.7688034188034187,
    "rejection_real_rate_mean": 0.7080515297906601,
    "rejection_fake_rate_mean": 0.6748597081930415,
    "one_class_accuracy_real_mean": 0.10526315789473684,
    "one_class_accuracy_fake_mean": 0.7688034188034187,
    "TP_total": 30,
    "TN_total": 6,
    "FP_total": 47,
    "FN_total": 10,
    "F1_score": 0.51377922172872,
    "F2_score": 0.6414458295966173
}