{
    "num_files": 3,
    "accuracy_mean": 0.499795918367347,
    "precision_mean": 0.5018315018315018,
    "recall_mean": 0.9066666666666667,
    "rejection_real_rate_mean": 0.0,
    "rejection_fake_rate_mean": 0.0,
    "one_class_accuracy_real_mean": 0.08722222222222221,
    "one_class_accuracy_fake_mean": 0.9066666666666667,
    "TP_total": 136,
    "TN_total": 13,
    "FP_total": 135,
    "FN_total": 14,
    "F1_score": 0.6460695585838622,
    "F2_score": 0.7807052829176724
}