{
    "num_files": 3,
    "accuracy_mean": 0.499795918367347,
    "precision_mean": 0.5018315018315018,
    "recall_mean": 0.9066666666666667,
    "false_negative_rate_mean": 0.09333333333333334,
    "false_positive_rate_mean": 0.9127777777777778,
    "rejection_real_rate_mean": 0.0,
    "rejection_fake_rate_mean": 0.0
}