{
    "num_files": 3,
    "accuracy_mean": 0.49333333333333335,
    "precision_mean": 0.6866666666666666,
    "recall_mean": 0.18000000000000002,
    "false_negative_rate_mean": 0.82,
    "false_positive_rate_mean": 0.19333333333333336,
    "rejection_real_rate_mean": 0.0,
    "rejection_fake_rate_mean": 0.0,
    "F1_score": 0.28523076923076923,
    "F2_score": 0.21116173120728932
}