{
    "num_files": 3,
    "accuracy_mean": 0.4822222222222223,
    "precision_mean": 0.3178827751196172,
    "recall_mean": 0.03333333333333333,
    "rejection_real_rate_mean": 0.0,
    "rejection_fake_rate_mean": 0.0,
    "one_class_accuracy_real_mean": 0.9311111111111111,
    "one_class_accuracy_fake_mean": 0.03333333333333333,
    "TP_total": 15,
    "TN_total": 419,
    "FP_total": 31,
    "FN_total": 435,
    "F1_score": 0.060339444854402,
    "F2_score": 0.040602273421744176
}