{
    "num_files": 3,
    "accuracy_mean": 0.4461952861952862,
    "precision_mean": 0.46421578801715785,
    "recall_mean": 0.68,
    "rejection_real_rate_mean": 0.0,
    "rejection_fake_rate_mean": 0.0,
    "one_class_accuracy_real_mean": 0.20965986394557823,
    "one_class_accuracy_fake_mean": 0.68,
    "TP_total": 102,
    "TN_total": 31,
    "FP_total": 117,
    "FN_total": 48,
    "F1_score": 0.5517608464373572,
    "F2_score": 0.6221595666172683
}