{
    "num_files": 3,
    "accuracy_mean": 0.47444444444444445,
    "precision_mean": 0.4852995806813789,
    "recall_mean": 0.8488888888888889,
    "rejection_real_rate_mean": 0.0,
    "rejection_fake_rate_mean": 0.0,
    "one_class_accuracy_real_mean": 0.09999999999999999,
    "one_class_accuracy_fake_mean": 0.8488888888888889,
    "TP_total": 382,
    "TN_total": 45,
    "FP_total": 405,
    "FN_total": 68,
    "F1_score": 0.61755206437296,
    "F2_score": 0.7382662092209072
}