{
    "num_files": 3,
    "accuracy_mean": 0.49333333333333335,
    "precision_mean": 0.36838624338624343,
    "recall_mean": 0.02,
    "rejection_real_rate_mean": 0.0,
    "rejection_fake_rate_mean": 0.0,
    "one_class_accuracy_real_mean": 0.9666666666666667,
    "one_class_accuracy_fake_mean": 0.02,
    "TP_total": 9,
    "TN_total": 435,
    "FP_total": 15,
    "FN_total": 441,
    "F1_score": 0.03794019480961787,
    "F2_score": 0.024665226016720988
}