{
    "num_files": 3,
    "accuracy_mean": 0.5005574136008919,
    "precision_mean": 0.5005574136008919,
    "recall_mean": 1.0,
    "rejection_real_rate_mean": 0.0,
    "rejection_fake_rate_mean": 0.0,
    "one_class_accuracy_real_mean": 0.0,
    "one_class_accuracy_fake_mean": 1.0,
    "TP_total": 450,
    "TN_total": 0,
    "FP_total": 450,
    "FN_total": 0,
    "F1_score": 0.6671619613670134,
    "F2_score": 0.8336427775714816
}