{
    "num_files": 3,
    "accuracy_mean": 0.535475040257649,
    "precision_mean": 0.5250196024843912,
    "recall_mean": 0.8021913446229556,
    "rejection_real_rate_mean": 0.0,
    "rejection_fake_rate_mean": 0.006535947712418301,
    "one_class_accuracy_real_mean": 0.2651851851851852,
    "one_class_accuracy_fake_mean": 0.8021913446229556,
    "TP_total": 117,
    "TN_total": 39,
    "FP_total": 106,
    "FN_total": 29,
    "F1_score": 0.6346635126666098,
    "F2_score": 0.7255806945728569
}