{
    "num_files": 3,
    "accuracy_mean": 0.5068027210884354,
    "precision_mean": 0.34397163120567376,
    "recall_mean": 0.17333333333333334,
    "rejection_real_rate_mean": 0.012820512820512822,
    "rejection_fake_rate_mean": 0.0,
    "one_class_accuracy_real_mean": 0.8405555555555555,
    "one_class_accuracy_fake_mean": 0.17333333333333334,
    "TP_total": 26,
    "TN_total": 125,
    "FP_total": 23,
    "FN_total": 124,
    "F1_score": 0.2305090942327027,
    "F2_score": 0.19242507477263016
}